
INSERT INTO ListParamType (id, name) VALUES (-45,'AtoN Bearing');
INSERT INTO ListParamType (id, name) VALUES (-60,'AtoN Marker');
INSERT INTO ListParamType (id, name) VALUES (-146,'Buoy Function');
INSERT INTO ListParamType (id, name) VALUES (-174,'Buoy Type');
INSERT INTO ListParamType (id, name) VALUES (-202,'Floating AtoN Type');
INSERT INTO ListParamType (id, name) VALUES (-260,'Floating Object Type');
INSERT INTO ListParamType (id, name) VALUES (-89,'Light Buoy Function');
INSERT INTO ListParamType (id, name) VALUES (-118,'Light Buoy Type');
INSERT INTO ListParamType (id, name) VALUES (-67,'Light Type');
INSERT INTO ListParamType (id, name) VALUES (-279,'Radio Navigation State');
INSERT INTO ListParamType (id, name) VALUES (-27,'Vessel Type');

INSERT INTO ListParamValue (id, sortKey, ListParamType_id) VALUES (-28,1,-27);
INSERT INTO ListParamValue (id, sortKey, ListParamType_id) VALUES (-31,2,-27);
INSERT INTO ListParamValue (id, sortKey, ListParamType_id) VALUES (-34,3,-27);
INSERT INTO ListParamValue (id, sortKey, ListParamType_id) VALUES (-46,1,-45);
INSERT INTO ListParamValue (id, sortKey, ListParamType_id) VALUES (-51,2,-45);
INSERT INTO ListParamValue (id, sortKey, ListParamType_id) VALUES (-54,3,-45);
INSERT INTO ListParamValue (id, sortKey, ListParamType_id) VALUES (-57,4,-45);
INSERT INTO ListParamValue (id, sortKey, ListParamType_id) VALUES (-61,1,-60);
INSERT INTO ListParamValue (id, sortKey, ListParamType_id) VALUES (-64,2,-60);
INSERT INTO ListParamValue (id, sortKey, ListParamType_id) VALUES (-68,1,-67);
INSERT INTO ListParamValue (id, sortKey, ListParamType_id) VALUES (-71,2,-67);
INSERT INTO ListParamValue (id, sortKey, ListParamType_id) VALUES (-74,3,-67);
INSERT INTO ListParamValue (id, sortKey, ListParamType_id) VALUES (-77,4,-67);
INSERT INTO ListParamValue (id, sortKey, ListParamType_id) VALUES (-80,5,-67);
INSERT INTO ListParamValue (id, sortKey, ListParamType_id) VALUES (-83,6,-67);
INSERT INTO ListParamValue (id, sortKey, ListParamType_id) VALUES (-86,7,-67);
INSERT INTO ListParamValue (id, sortKey, ListParamType_id) VALUES (-90,1,-89);
INSERT INTO ListParamValue (id, sortKey, ListParamType_id) VALUES (-93,2,-89);
INSERT INTO ListParamValue (id, sortKey, ListParamType_id) VALUES (-96,3,-89);
INSERT INTO ListParamValue (id, sortKey, ListParamType_id) VALUES (-99,4,-89);
INSERT INTO ListParamValue (id, sortKey, ListParamType_id) VALUES (-102,5,-89);
INSERT INTO ListParamValue (id, sortKey, ListParamType_id) VALUES (-105,6,-89);
INSERT INTO ListParamValue (id, sortKey, ListParamType_id) VALUES (-108,7,-89);
INSERT INTO ListParamValue (id, sortKey, ListParamType_id) VALUES (-111,8,-89);
INSERT INTO ListParamValue (id, sortKey, ListParamType_id) VALUES (-114,9,-89);
INSERT INTO ListParamValue (id, sortKey, ListParamType_id) VALUES (-119,1,-118);
INSERT INTO ListParamValue (id, sortKey, ListParamType_id) VALUES (-122,2,-118);
INSERT INTO ListParamValue (id, sortKey, ListParamType_id) VALUES (-125,3,-118);
INSERT INTO ListParamValue (id, sortKey, ListParamType_id) VALUES (-128,4,-118);
INSERT INTO ListParamValue (id, sortKey, ListParamType_id) VALUES (-131,5,-118);
INSERT INTO ListParamValue (id, sortKey, ListParamType_id) VALUES (-134,6,-118);
INSERT INTO ListParamValue (id, sortKey, ListParamType_id) VALUES (-137,7,-118);
INSERT INTO ListParamValue (id, sortKey, ListParamType_id) VALUES (-140,8,-118);
INSERT INTO ListParamValue (id, sortKey, ListParamType_id) VALUES (-143,9,-118);
INSERT INTO ListParamValue (id, sortKey, ListParamType_id) VALUES (-147,1,-146);
INSERT INTO ListParamValue (id, sortKey, ListParamType_id) VALUES (-150,2,-146);
INSERT INTO ListParamValue (id, sortKey, ListParamType_id) VALUES (-153,3,-146);
INSERT INTO ListParamValue (id, sortKey, ListParamType_id) VALUES (-156,4,-146);
INSERT INTO ListParamValue (id, sortKey, ListParamType_id) VALUES (-159,5,-146);
INSERT INTO ListParamValue (id, sortKey, ListParamType_id) VALUES (-162,6,-146);
INSERT INTO ListParamValue (id, sortKey, ListParamType_id) VALUES (-165,7,-146);
INSERT INTO ListParamValue (id, sortKey, ListParamType_id) VALUES (-168,8,-146);
INSERT INTO ListParamValue (id, sortKey, ListParamType_id) VALUES (-171,9,-146);
INSERT INTO ListParamValue (id, sortKey, ListParamType_id) VALUES (-175,1,-174);
INSERT INTO ListParamValue (id, sortKey, ListParamType_id) VALUES (-178,2,-174);
INSERT INTO ListParamValue (id, sortKey, ListParamType_id) VALUES (-181,3,-174);
INSERT INTO ListParamValue (id, sortKey, ListParamType_id) VALUES (-184,4,-174);
INSERT INTO ListParamValue (id, sortKey, ListParamType_id) VALUES (-187,5,-174);
INSERT INTO ListParamValue (id, sortKey, ListParamType_id) VALUES (-190,6,-174);
INSERT INTO ListParamValue (id, sortKey, ListParamType_id) VALUES (-193,7,-174);
INSERT INTO ListParamValue (id, sortKey, ListParamType_id) VALUES (-196,8,-174);
INSERT INTO ListParamValue (id, sortKey, ListParamType_id) VALUES (-199,9,-174);
INSERT INTO ListParamValue (id, sortKey, ListParamType_id) VALUES (-203,1,-202);
INSERT INTO ListParamValue (id, sortKey, ListParamType_id) VALUES (-206,2,-202);
INSERT INTO ListParamValue (id, sortKey, ListParamType_id) VALUES (-209,3,-202);
INSERT INTO ListParamValue (id, sortKey, ListParamType_id) VALUES (-212,4,-202);
INSERT INTO ListParamValue (id, sortKey, ListParamType_id) VALUES (-215,5,-202);
INSERT INTO ListParamValue (id, sortKey, ListParamType_id) VALUES (-218,6,-202);
INSERT INTO ListParamValue (id, sortKey, ListParamType_id) VALUES (-221,7,-202);
INSERT INTO ListParamValue (id, sortKey, ListParamType_id) VALUES (-224,8,-202);
INSERT INTO ListParamValue (id, sortKey, ListParamType_id) VALUES (-227,9,-202);
INSERT INTO ListParamValue (id, sortKey, ListParamType_id) VALUES (-230,10,-202);
INSERT INTO ListParamValue (id, sortKey, ListParamType_id) VALUES (-233,11,-202);
INSERT INTO ListParamValue (id, sortKey, ListParamType_id) VALUES (-236,12,-202);
INSERT INTO ListParamValue (id, sortKey, ListParamType_id) VALUES (-239,13,-202);
INSERT INTO ListParamValue (id, sortKey, ListParamType_id) VALUES (-242,14,-202);
INSERT INTO ListParamValue (id, sortKey, ListParamType_id) VALUES (-245,15,-202);
INSERT INTO ListParamValue (id, sortKey, ListParamType_id) VALUES (-248,16,-202);
INSERT INTO ListParamValue (id, sortKey, ListParamType_id) VALUES (-251,17,-202);
INSERT INTO ListParamValue (id, sortKey, ListParamType_id) VALUES (-254,18,-202);
INSERT INTO ListParamValue (id, sortKey, ListParamType_id) VALUES (-257,19,-202);
INSERT INTO ListParamValue (id, sortKey, ListParamType_id) VALUES (-261,1,-260);
INSERT INTO ListParamValue (id, sortKey, ListParamType_id) VALUES (-264,2,-260);
INSERT INTO ListParamValue (id, sortKey, ListParamType_id) VALUES (-267,3,-260);
INSERT INTO ListParamValue (id, sortKey, ListParamType_id) VALUES (-270,4,-260);
INSERT INTO ListParamValue (id, sortKey, ListParamType_id) VALUES (-273,5,-260);
INSERT INTO ListParamValue (id, sortKey, ListParamType_id) VALUES (-276,6,-260);
INSERT INTO ListParamValue (id, sortKey, ListParamType_id) VALUES (-280,1,-279);
INSERT INTO ListParamValue (id, sortKey, ListParamType_id) VALUES (-283,2,-279);


INSERT INTO ListParamValueDesc (id, lang, longValue, shortValue, entity_id) VALUES (-29,'da','','skib',-28);
INSERT INTO ListParamValueDesc (id, lang, longValue, shortValue, entity_id) VALUES (-30,'en','','vessel',-28);
INSERT INTO ListParamValueDesc (id, lang, longValue, shortValue, entity_id) VALUES (-32,'da','','sejlskib',-31);
INSERT INTO ListParamValueDesc (id, lang, longValue, shortValue, entity_id) VALUES (-33,'en','','sailing vessel',-31);
INSERT INTO ListParamValueDesc (id, lang, longValue, shortValue, entity_id) VALUES (-35,'da','','fiskeskib',-34);
INSERT INTO ListParamValueDesc (id, lang, longValue, shortValue, entity_id) VALUES (-36,'en','','fishing vessel',-34);
INSERT INTO ListParamValueDesc (id, lang, longValue, shortValue, entity_id) VALUES (-49,'da','nord','N',-46);
INSERT INTO ListParamValueDesc (id, lang, longValue, shortValue, entity_id) VALUES (-50,'en','north','N',-46);
INSERT INTO ListParamValueDesc (id, lang, longValue, shortValue, entity_id) VALUES (-52,'da','syd','S',-51);
INSERT INTO ListParamValueDesc (id, lang, longValue, shortValue, entity_id) VALUES (-53,'en','south','S',-51);
INSERT INTO ListParamValueDesc (id, lang, longValue, shortValue, entity_id) VALUES (-55,'da','øst','Ø',-54);
INSERT INTO ListParamValueDesc (id, lang, longValue, shortValue, entity_id) VALUES (-56,'en','east','E',-54);
INSERT INTO ListParamValueDesc (id, lang, longValue, shortValue, entity_id) VALUES (-58,'da','vest','V',-57);
INSERT INTO ListParamValueDesc (id, lang, longValue, shortValue, entity_id) VALUES (-59,'en','west','W',-57);
INSERT INTO ListParamValueDesc (id, lang, longValue, shortValue, entity_id) VALUES (-62,'da','','lystønde',-61);
INSERT INTO ListParamValueDesc (id, lang, longValue, shortValue, entity_id) VALUES (-63,'en','','light buoy',-61);
INSERT INTO ListParamValueDesc (id, lang, longValue, shortValue, entity_id) VALUES (-65,'da','','dagsømærke',-64);
INSERT INTO ListParamValueDesc (id, lang, longValue, shortValue, entity_id) VALUES (-66,'en','','buoy',-64);
INSERT INTO ListParamValueDesc (id, lang, longValue, shortValue, entity_id) VALUES (-69,'da','fyret','fyr',-68);
INSERT INTO ListParamValueDesc (id, lang, longValue, shortValue, entity_id) VALUES (-70,'en','the light','light',-68);
INSERT INTO ListParamValueDesc (id, lang, longValue, shortValue, entity_id) VALUES (-72,'da','forfyret','forfyr',-71);
INSERT INTO ListParamValueDesc (id, lang, longValue, shortValue, entity_id) VALUES (-73,'en','the front light','front light',-71);
INSERT INTO ListParamValueDesc (id, lang, longValue, shortValue, entity_id) VALUES (-75,'da','bagfyret','bagfyr',-74);
INSERT INTO ListParamValueDesc (id, lang, longValue, shortValue, entity_id) VALUES (-76,'en','the rear light','rear light',-74);
INSERT INTO ListParamValueDesc (id, lang, longValue, shortValue, entity_id) VALUES (-78,'da','for- og bagfyret','for- og bagfyr',-77);
INSERT INTO ListParamValueDesc (id, lang, longValue, shortValue, entity_id) VALUES (-79,'en','the front and rear light','front and rear light',-77);
INSERT INTO ListParamValueDesc (id, lang, longValue, shortValue, entity_id) VALUES (-81,'da','vinkelfyret','vinkelfyr',-80);
INSERT INTO ListParamValueDesc (id, lang, longValue, shortValue, entity_id) VALUES (-82,'en','the sector light','sector light',-80);
INSERT INTO ListParamValueDesc (id, lang, longValue, shortValue, entity_id) VALUES (-84,'da','molefyret','molefyr',-83);
INSERT INTO ListParamValueDesc (id, lang, longValue, shortValue, entity_id) VALUES (-85,'en','the mole head light','mole head light',-83);
INSERT INTO ListParamValueDesc (id, lang, longValue, shortValue, entity_id) VALUES (-87,'da','fyrpælen','fyrpæl',-86);
INSERT INTO ListParamValueDesc (id, lang, longValue, shortValue, entity_id) VALUES (-88,'en','the light post','light post',-86);
INSERT INTO ListParamValueDesc (id, lang, longValue, shortValue, entity_id) VALUES (-91,'da','nordkardinalen','nordkardinal',-90);
INSERT INTO ListParamValueDesc (id, lang, longValue, shortValue, entity_id) VALUES (-92,'en','the north cardinal light buoy','north cardinal light buoy',-90);
INSERT INTO ListParamValueDesc (id, lang, longValue, shortValue, entity_id) VALUES (-94,'da','sydkardinalen','sydkardinal',-93);
INSERT INTO ListParamValueDesc (id, lang, longValue, shortValue, entity_id) VALUES (-95,'en','the south cardinal light buoy','south cardinal light buoy',-93);
INSERT INTO ListParamValueDesc (id, lang, longValue, shortValue, entity_id) VALUES (-97,'da','østkardinalen','østkardinal',-96);
INSERT INTO ListParamValueDesc (id, lang, longValue, shortValue, entity_id) VALUES (-98,'en','the east cardinal light buoy','east cardinal light buoy',-96);
INSERT INTO ListParamValueDesc (id, lang, longValue, shortValue, entity_id) VALUES (-100,'da','vestkardinalen','vestkardinal',-99);
INSERT INTO ListParamValueDesc (id, lang, longValue, shortValue, entity_id) VALUES (-101,'en','the west cardinal light buoy','west cardinal light buoy',-99);
INSERT INTO ListParamValueDesc (id, lang, longValue, shortValue, entity_id) VALUES (-103,'da','den bagbord sideafmærkning','bagbord sideafmærkning',-102);
INSERT INTO ListParamValueDesc (id, lang, longValue, shortValue, entity_id) VALUES (-104,'en','the port hand light buoy','port hand light buoy',-102);
INSERT INTO ListParamValueDesc (id, lang, longValue, shortValue, entity_id) VALUES (-106,'da','den styrbord sideafmærkning','styrbord sideafmærkning',-105);
INSERT INTO ListParamValueDesc (id, lang, longValue, shortValue, entity_id) VALUES (-107,'en','the starboard hand light buoy','starboard hand light buoy',-105);
INSERT INTO ListParamValueDesc (id, lang, longValue, shortValue, entity_id) VALUES (-109,'da','midtfarvandsafmærkningen','midtfarvandsafmærkning',-108);
INSERT INTO ListParamValueDesc (id, lang, longValue, shortValue, entity_id) VALUES (-110,'en','the safe water light buoy','safe water light buoy',-108);
INSERT INTO ListParamValueDesc (id, lang, longValue, shortValue, entity_id) VALUES (-112,'da','specialafmærkningen','specialafmærkning',-111);
INSERT INTO ListParamValueDesc (id, lang, longValue, shortValue, entity_id) VALUES (-113,'en','the special light buoy','special light buoy',-111);
INSERT INTO ListParamValueDesc (id, lang, longValue, shortValue, entity_id) VALUES (-115,'da','den isolerede fareafmærkning','isoleret fareafmærkning',-114);
INSERT INTO ListParamValueDesc (id, lang, longValue, shortValue, entity_id) VALUES (-116,'en','the isolated danger light buoy','isolated danger light buoy',-114);
INSERT INTO ListParamValueDesc (id, lang, longValue, shortValue, entity_id) VALUES (-120,'da','en sort-gul-sort lystønde','sort-gul-sort lystønde',-119);
INSERT INTO ListParamValueDesc (id, lang, longValue, shortValue, entity_id) VALUES (-121,'en','a black-yellow-black light buoy','black-yellow-black light buoy',-119);
INSERT INTO ListParamValueDesc (id, lang, longValue, shortValue, entity_id) VALUES (-123,'da','en gul-sort-gul lystønde','gul-sort-gul lystønde',-122);
INSERT INTO ListParamValueDesc (id, lang, longValue, shortValue, entity_id) VALUES (-124,'en','a yellow-black-yellow light buoy','yellow-black-yellow light buoy',-122);
INSERT INTO ListParamValueDesc (id, lang, longValue, shortValue, entity_id) VALUES (-126,'da','en rød lystønde','rød lystønde',-125);
INSERT INTO ListParamValueDesc (id, lang, longValue, shortValue, entity_id) VALUES (-127,'en','a red light buoy','red light buoy',-125);
INSERT INTO ListParamValueDesc (id, lang, longValue, shortValue, entity_id) VALUES (-129,'da','en grøn lystønde','grøn lystønde',-128);
INSERT INTO ListParamValueDesc (id, lang, longValue, shortValue, entity_id) VALUES (-130,'en','a green light buoy','green light buoy',-128);
INSERT INTO ListParamValueDesc (id, lang, longValue, shortValue, entity_id) VALUES (-132,'da','en rød-hvid lystønde','rød-hvid lystønde',-131);
INSERT INTO ListParamValueDesc (id, lang, longValue, shortValue, entity_id) VALUES (-133,'en','a red-white light bouy','red-white light bouy',-131);
INSERT INTO ListParamValueDesc (id, lang, longValue, shortValue, entity_id) VALUES (-135,'da','en gul lystønde','gul lystønde',-134);
INSERT INTO ListParamValueDesc (id, lang, longValue, shortValue, entity_id) VALUES (-136,'en','a yellow light buoy','yellow light buoy',-134);
INSERT INTO ListParamValueDesc (id, lang, longValue, shortValue, entity_id) VALUES (-138,'da','en sort-rød lystønde','sort-rød lystønde',-137);
INSERT INTO ListParamValueDesc (id, lang, longValue, shortValue, entity_id) VALUES (-139,'en','a black-red light buoy','black-red light buoy',-137);
INSERT INTO ListParamValueDesc (id, lang, longValue, shortValue, entity_id) VALUES (-141,'da','en sort-gul lystønde','sort-gul lystønde',-140);
INSERT INTO ListParamValueDesc (id, lang, longValue, shortValue, entity_id) VALUES (-142,'en','a black-yellow light buoy','black-yellow light buoy',-140);
INSERT INTO ListParamValueDesc (id, lang, longValue, shortValue, entity_id) VALUES (-144,'da','en gul-sort lystønde','gul-sort lystønde',-143);
INSERT INTO ListParamValueDesc (id, lang, longValue, shortValue, entity_id) VALUES (-145,'en','a yellow-black light buoy','yellow-black light buoy',-143);
INSERT INTO ListParamValueDesc (id, lang, longValue, shortValue, entity_id) VALUES (-148,'da','nordkardinalen','nordkardinal',-147);
INSERT INTO ListParamValueDesc (id, lang, longValue, shortValue, entity_id) VALUES (-149,'en','the north cardinal buoy','north cardinal buoy',-147);
INSERT INTO ListParamValueDesc (id, lang, longValue, shortValue, entity_id) VALUES (-151,'da','sydkardinalen','sydkardinal',-150);
INSERT INTO ListParamValueDesc (id, lang, longValue, shortValue, entity_id) VALUES (-152,'en','the south cardinal buoy','south cardinal buoy',-150);
INSERT INTO ListParamValueDesc (id, lang, longValue, shortValue, entity_id) VALUES (-154,'da','østkardinalen','østkardinal',-153);
INSERT INTO ListParamValueDesc (id, lang, longValue, shortValue, entity_id) VALUES (-155,'en','the east cardinal buoy','east cardinal buoy',-153);
INSERT INTO ListParamValueDesc (id, lang, longValue, shortValue, entity_id) VALUES (-157,'da','vestkardinalen','vestkardinal',-156);
INSERT INTO ListParamValueDesc (id, lang, longValue, shortValue, entity_id) VALUES (-158,'en','the west cardinal buoy','west cardinal buoy',-156);
INSERT INTO ListParamValueDesc (id, lang, longValue, shortValue, entity_id) VALUES (-160,'da','den bagbord sideafmærkning','bagbord sideafmærkning',-159);
INSERT INTO ListParamValueDesc (id, lang, longValue, shortValue, entity_id) VALUES (-161,'en','the port hand buoy','port hand buoy',-159);
INSERT INTO ListParamValueDesc (id, lang, longValue, shortValue, entity_id) VALUES (-163,'da','den styrbord sideafmærkning','styrbord sideafmærkning',-162);
INSERT INTO ListParamValueDesc (id, lang, longValue, shortValue, entity_id) VALUES (-164,'en','the starboard hand buoy','starboard hand buoy',-162);
INSERT INTO ListParamValueDesc (id, lang, longValue, shortValue, entity_id) VALUES (-166,'da','midtfarvandsafmærkningen','midtfarvandsafmærkning',-165);
INSERT INTO ListParamValueDesc (id, lang, longValue, shortValue, entity_id) VALUES (-167,'en','the safe water buoy','safe water buoy',-165);
INSERT INTO ListParamValueDesc (id, lang, longValue, shortValue, entity_id) VALUES (-169,'da','specialafmærkningen','specialafmærkning',-168);
INSERT INTO ListParamValueDesc (id, lang, longValue, shortValue, entity_id) VALUES (-170,'en','the special buoy','special buoy',-168);
INSERT INTO ListParamValueDesc (id, lang, longValue, shortValue, entity_id) VALUES (-172,'da','den isolerede fareafmærkning','isoleret fareafmærkning',-171);
INSERT INTO ListParamValueDesc (id, lang, longValue, shortValue, entity_id) VALUES (-173,'en','the isolated danger buoy','isolated danger buoy',-171);
INSERT INTO ListParamValueDesc (id, lang, longValue, shortValue, entity_id) VALUES (-176,'da','et sort-gult dagsømærke','sort-gult dagsømærke',-175);
INSERT INTO ListParamValueDesc (id, lang, longValue, shortValue, entity_id) VALUES (-177,'en','a black-yellow buoy','black-yellow buoy',-175);
INSERT INTO ListParamValueDesc (id, lang, longValue, shortValue, entity_id) VALUES (-179,'da','et gul-sort dagsømærke','gul-sort dagsømærke',-178);
INSERT INTO ListParamValueDesc (id, lang, longValue, shortValue, entity_id) VALUES (-180,'en','a yellow-black buoy','yellow-black buoy',-178);
INSERT INTO ListParamValueDesc (id, lang, longValue, shortValue, entity_id) VALUES (-182,'da','et sort-gult-sort dagsømærke','sort-gult-sort dagsømærke',-181);
INSERT INTO ListParamValueDesc (id, lang, longValue, shortValue, entity_id) VALUES (-183,'en','a black-yellow-black buoy','black-yellow-black buoy',-181);
INSERT INTO ListParamValueDesc (id, lang, longValue, shortValue, entity_id) VALUES (-185,'da','et gul-sort-gult dagsømærke','gul-sort-gult dagsømærke',-184);
INSERT INTO ListParamValueDesc (id, lang, longValue, shortValue, entity_id) VALUES (-186,'en','a yellow-black-yellow buoy','yellow-black-yellow buoy',-184);
INSERT INTO ListParamValueDesc (id, lang, longValue, shortValue, entity_id) VALUES (-188,'da','et rødt dagsømærke','rødt dagsømærke',-187);
INSERT INTO ListParamValueDesc (id, lang, longValue, shortValue, entity_id) VALUES (-189,'en','a red buoy','red buoy',-187);
INSERT INTO ListParamValueDesc (id, lang, longValue, shortValue, entity_id) VALUES (-191,'da','et grønt dagsømærke','grønt dagsømærke',-190);
INSERT INTO ListParamValueDesc (id, lang, longValue, shortValue, entity_id) VALUES (-192,'en','a green buoy','green buoy',-190);
INSERT INTO ListParamValueDesc (id, lang, longValue, shortValue, entity_id) VALUES (-194,'da','et rød-hvidt dagsømærke','rød-hvidt dagsømærke',-193);
INSERT INTO ListParamValueDesc (id, lang, longValue, shortValue, entity_id) VALUES (-195,'en','a red-white bouy','red-white bouy',-193);
INSERT INTO ListParamValueDesc (id, lang, longValue, shortValue, entity_id) VALUES (-197,'da','et gult dagsømærke','gult dagsømærke',-196);
INSERT INTO ListParamValueDesc (id, lang, longValue, shortValue, entity_id) VALUES (-198,'en','a yellow buoy','yellow buoy',-196);
INSERT INTO ListParamValueDesc (id, lang, longValue, shortValue, entity_id) VALUES (-200,'da','et sort-rødt dagsømærke','sort-rødt dagsømærke',-199);
INSERT INTO ListParamValueDesc (id, lang, longValue, shortValue, entity_id) VALUES (-201,'en','a black-red buoy','black-red buoy',-199);
INSERT INTO ListParamValueDesc (id, lang, longValue, shortValue, entity_id) VALUES (-204,'en','a red buoy','red buoy',-203);
INSERT INTO ListParamValueDesc (id, lang, longValue, shortValue, entity_id) VALUES (-205,'da','et rødt dagsømærke','rødt dagsømærke',-203);
INSERT INTO ListParamValueDesc (id, lang, longValue, shortValue, entity_id) VALUES (-207,'en','a green buoy','green buoy',-206);
INSERT INTO ListParamValueDesc (id, lang, longValue, shortValue, entity_id) VALUES (-208,'da','et grønt dagsømærke','grønt dagsømærke',-206);
INSERT INTO ListParamValueDesc (id, lang, longValue, shortValue, entity_id) VALUES (-210,'en','a red-white buoy','red-white buoy',-209);
INSERT INTO ListParamValueDesc (id, lang, longValue, shortValue, entity_id) VALUES (-211,'da','et rødt-hvidt dagsømærke','rødt-hvidt dagsømærke',-209);
INSERT INTO ListParamValueDesc (id, lang, longValue, shortValue, entity_id) VALUES (-213,'en','a yellow buoy','yellow buoy',-212);
INSERT INTO ListParamValueDesc (id, lang, longValue, shortValue, entity_id) VALUES (-214,'da','et gult dagsømærke','gult dagsømærke',-212);
INSERT INTO ListParamValueDesc (id, lang, longValue, shortValue, entity_id) VALUES (-216,'en','a black-red buoy','black-red buoy',-215);
INSERT INTO ListParamValueDesc (id, lang, longValue, shortValue, entity_id) VALUES (-217,'da','et sort-rødt dagsømærke','sort-rødt dagsømærke',-215);
INSERT INTO ListParamValueDesc (id, lang, longValue, shortValue, entity_id) VALUES (-219,'en','a black-yellow buoy','black-yellow buoy',-218);
INSERT INTO ListParamValueDesc (id, lang, longValue, shortValue, entity_id) VALUES (-220,'da','et sort-gult dagsømærke','sort-gult dagsømærke',-218);
INSERT INTO ListParamValueDesc (id, lang, longValue, shortValue, entity_id) VALUES (-222,'en','a yellow-black buoy','yellow-black buoy',-221);
INSERT INTO ListParamValueDesc (id, lang, longValue, shortValue, entity_id) VALUES (-223,'da','et gult-sort dagsømærke','gult-sort dagsømærke',-221);
INSERT INTO ListParamValueDesc (id, lang, longValue, shortValue, entity_id) VALUES (-225,'en','a black-yellow-black buoy','black-yellow-black buoy',-224);
INSERT INTO ListParamValueDesc (id, lang, longValue, shortValue, entity_id) VALUES (-226,'da','et sort-gult-sorte dagsømærke','sort-gult-sorte dagsømærke',-224);
INSERT INTO ListParamValueDesc (id, lang, longValue, shortValue, entity_id) VALUES (-228,'en','a yellow-black-yellow buoy','yellow-black-yellow buoy',-227);
INSERT INTO ListParamValueDesc (id, lang, longValue, shortValue, entity_id) VALUES (-229,'da','et gul-sort-gule dagsømærke','gul-sort-gule dagsømærke',-227);
INSERT INTO ListParamValueDesc (id, lang, longValue, shortValue, entity_id) VALUES (-231,'en','a red light buoy','red light buoy',-230);
INSERT INTO ListParamValueDesc (id, lang, longValue, shortValue, entity_id) VALUES (-232,'da','en rød lystønde','rød lystønde',-230);
INSERT INTO ListParamValueDesc (id, lang, longValue, shortValue, entity_id) VALUES (-234,'en','a green light buoy','green light buoy',-233);
INSERT INTO ListParamValueDesc (id, lang, longValue, shortValue, entity_id) VALUES (-235,'da','en grøn lystønde','grøn lystønde',-233);
INSERT INTO ListParamValueDesc (id, lang, longValue, shortValue, entity_id) VALUES (-237,'en','a black-white light buoy','black-white light buoy',-236);
INSERT INTO ListParamValueDesc (id, lang, longValue, shortValue, entity_id) VALUES (-238,'da','en sort-hvid lystønde','sort-hvid lystønde',-236);
INSERT INTO ListParamValueDesc (id, lang, longValue, shortValue, entity_id) VALUES (-240,'en','a red-white light buoy','red-white light buoy',-239);
INSERT INTO ListParamValueDesc (id, lang, longValue, shortValue, entity_id) VALUES (-241,'da','en rød-hvid lystønde','rød-hvid lystønde',-239);
INSERT INTO ListParamValueDesc (id, lang, longValue, shortValue, entity_id) VALUES (-243,'en','a yellow light buoy','yellow light buoy',-242);
INSERT INTO ListParamValueDesc (id, lang, longValue, shortValue, entity_id) VALUES (-244,'da','en gul lystønde','gul lystønde',-242);
INSERT INTO ListParamValueDesc (id, lang, longValue, shortValue, entity_id) VALUES (-246,'en','a black-red light buoy','black-red light buoy',-245);
INSERT INTO ListParamValueDesc (id, lang, longValue, shortValue, entity_id) VALUES (-247,'da','en sort rød lystønde','sort rød lystønde',-245);
INSERT INTO ListParamValueDesc (id, lang, longValue, shortValue, entity_id) VALUES (-249,'en','a black-yellow light buoy','black-yellow light buoy',-248);
INSERT INTO ListParamValueDesc (id, lang, longValue, shortValue, entity_id) VALUES (-250,'da','en sort gul lystønde','sort gul lystønde',-248);
INSERT INTO ListParamValueDesc (id, lang, longValue, shortValue, entity_id) VALUES (-252,'en','a yellow-black light buoy','yellow-black light buoy',-251);
INSERT INTO ListParamValueDesc (id, lang, longValue, shortValue, entity_id) VALUES (-253,'da','en gul sort lystønde','gul sort lystønde',-251);
INSERT INTO ListParamValueDesc (id, lang, longValue, shortValue, entity_id) VALUES (-255,'en','a black-yellow-black light buoy','black-yellow-black light buoy',-254);
INSERT INTO ListParamValueDesc (id, lang, longValue, shortValue, entity_id) VALUES (-256,'da','en sort-gul-sort lystønde','sort-gul-sort lystønde',-254);
INSERT INTO ListParamValueDesc (id, lang, longValue, shortValue, entity_id) VALUES (-258,'en','a yellow-black-yellow light buoy','yellow-black-yellow light buoy',-257);
INSERT INTO ListParamValueDesc (id, lang, longValue, shortValue, entity_id) VALUES (-259,'da','en gul-sort-gul lystønde','gul-sort-gul lystønde',-257);
INSERT INTO ListParamValueDesc (id, lang, longValue, shortValue, entity_id) VALUES (-262,'en','an object','object',-261);
INSERT INTO ListParamValueDesc (id, lang, longValue, shortValue, entity_id) VALUES (-263,'da','et objekt','objekt',-261);
INSERT INTO ListParamValueDesc (id, lang, longValue, shortValue, entity_id) VALUES (-265,'en','a boat','boat',-264);
INSERT INTO ListParamValueDesc (id, lang, longValue, shortValue, entity_id) VALUES (-266,'da','en båd','båd',-264);
INSERT INTO ListParamValueDesc (id, lang, longValue, shortValue, entity_id) VALUES (-268,'en','logs','logs',-267);
INSERT INTO ListParamValueDesc (id, lang, longValue, shortValue, entity_id) VALUES (-269,'da','tømmer','tømmer',-267);
INSERT INTO ListParamValueDesc (id, lang, longValue, shortValue, entity_id) VALUES (-271,'en','a container','container',-270);
INSERT INTO ListParamValueDesc (id, lang, longValue, shortValue, entity_id) VALUES (-272,'da','en container','container',-270);
INSERT INTO ListParamValueDesc (id, lang, longValue, shortValue, entity_id) VALUES (-274,'en','a fish farm','fish farm',-273);
INSERT INTO ListParamValueDesc (id, lang, longValue, shortValue, entity_id) VALUES (-275,'da','et havbrug','havbrug',-273);
INSERT INTO ListParamValueDesc (id, lang, longValue, shortValue, entity_id) VALUES (-277,'en','fishing stakes','fishing stakes',-276);
INSERT INTO ListParamValueDesc (id, lang, longValue, shortValue, entity_id) VALUES (-278,'da','bundgarnspæle','bundgarnspæle',-276);
INSERT INTO ListParamValueDesc (id, lang, longValue, shortValue, entity_id) VALUES (-281,'en','is unreliable','unreliable',-280);
INSERT INTO ListParamValueDesc (id, lang, longValue, shortValue, entity_id) VALUES (-282,'da','er uregelmæssig','uregelmæssig',-280);
INSERT INTO ListParamValueDesc (id, lang, longValue, shortValue, entity_id) VALUES (-284,'en','is inoperative','inoperative',-283);
INSERT INTO ListParamValueDesc (id, lang, longValue, shortValue, entity_id) VALUES (-285,'da','er ude af drift','ude af drift',-283);
