<?xml version="1.0" encoding="UTF-8"?>



<module xmlns="urn:jboss:module:1.1" name="org.keycloak.keycloak-adapter-core">
    <resources>
        <resource-root path="keycloak-adapter-core-1.4.0.Final.jar"/>
        <!-- Insert resources here -->
    </resources>
    <dependencies>
        <module name="javax.api"/>
        <module name="org.codehaus.jackson.jackson-core-asl"/>
        <module name="org.codehaus.jackson.jackson-mapper-asl"/>
        <module name="org.codehaus.jackson.jackson-xc"/>
        <module name="org.apache.httpcomponents"/>
        <module name="org.jboss.logging"/>
        <module name="org.keycloak.keycloak-core"/>
        <module name="net.iharder.base64"/>
    </dependencies>

</module>
