<?xml version="1.0" encoding="UTF-8"?>



<module xmlns="urn:jboss:module:1.1" name="org.keycloak.keycloak-wildfly-adapter">
    <resources>
        <resource-root path="keycloak-wildfly-adapter-1.4.0.Final.jar"/>
        <!-- Insert resources here -->
    </resources>
    <dependencies>
        <module name="javax.api"/>
        <module name="org.bouncycastle" />
        <module name="org.codehaus.jackson.jackson-core-asl"/>
        <module name="org.codehaus.jackson.jackson-mapper-asl"/>
        <module name="org.codehaus.jackson.jackson-xc"/>
        <module name="org.apache.httpcomponents"/>
        <module name="javax.servlet.api"/>
        <module name="org.jboss.logging"/>
        <module name="io.undertow.core"/>
        <module name="io.undertow.servlet"/>
        <module name="org.picketbox"/>
        <module name="org.keycloak.keycloak-undertow-adapter"/>
        <module name="org.keycloak.keycloak-adapter-core"/>
        <module name="org.keycloak.keycloak-core"/>
    </dependencies>

</module>
