<?xml version="1.0" encoding="UTF-8"?>



<module xmlns="urn:jboss:module:1.1" name="org.keycloak.keycloak-jboss-adapter-core">
    <resources>
        <resource-root path="keycloak-jboss-adapter-core-1.4.0.Final.jar"/>
        <!-- Insert resources here -->
    </resources>
    <dependencies>
        <module name="javax.api"/>
        <module name="org.jboss.logging"/>
        <module name="org.picketbox"/>
        <module name="org.keycloak.keycloak-adapter-core"/>
        <module name="org.keycloak.keycloak-core"/>
    </dependencies>

</module>
