<?xml version="1.0" encoding="UTF-8"?>

<module xmlns="urn:jboss:module:1.1" name="org.keycloak.keycloak-servlet-oauth-client">
    <resources>
        <resource-root path="keycloak-servlet-oauth-client-1.4.0.Final.jar"/>
        <!-- Insert resources here -->
    </resources>
    <dependencies>
        <module name="javax.api"/>
        <module name="javax.servlet.api"/>
        <module name="org.jboss.logging"/>
        <module name="org.picketbox"/>
        <module name="org.apache.httpcomponents"/>
        <module name="org.keycloak.keycloak-adapter-core"/>
        <module name="org.keycloak.keycloak-core"/>
    </dependencies>

</module>
